name	address	type
pimlico	0x0000000000000039cd5e8aE05257CE51C473ddd1	both
pimlico	0x00000000000000fB866DaAA79352cC568a005D96	both
nani	0x00000000000009B4AB3f1bC2b029bd7513Fbd8ED	verifying
pimlico	0x00000000003011eEF3f79892ba3d521E5Ba5C5c0	token
pimlico	0x000000000058E13d711Bb4706Bf822A79c35D8b1	token
pimlico	0x0000000000fABFA8079AB313D1D14Dcf4D15582a	token
pimlico	0x0000000000FcE6614d3C6f679E48c9cDd09aA634	token
biconomy	0x00000000301515A5410e0d768aF4f53c416edf19	token
biconomy	0x0000006087310897e0BFfcb3f0Ed3704f7146852	verifying
biconomy	0x00000072a5F551D6E80b2f6ad4fB256A27841Bbc	verifying
biconomy	0x00000f7365cA6C59A2C93719ad53d567ed49c14C	verifying
biconomy	0x00000f79B7FaF42EEBAdbA19aCc07cD08Af44789	token
biconomy	0x000031DD6D9D3A133E663660b959162870D755D4	verifying
coinbase	0x011A61C07DbF256A68256B1cB51A5e246730aB92	magic spend
particle	0x23b944a93020A9C7C414b1aDeCDB2Fd4Cd4e8184	verifying
pimlico	0x2672a6a67C37c104Db47D52baAA721C8ECa39421	verifying
etherspot	0x26FeC24b0D467C9de105217B483931e8f944ff50	verifying
alchemy	0x2cc0c7981D846b9F2a16276556f6e8cb52BfB633	verifying
coinbase	0x2FAEB0760D4230Ef2aC21496Bb4F0b47D634FD4c	both
circle	0x31BE08D380A21fc740883c0BC434FcFc88740b58	erc20
stackup	0x474Ea64BEdDE53aaD1084210BD60eeF2989bF80f	verifying
pimlico	0x49EE41bC335Fb36be46A17307dcFe536A3494644	token
pimlico	0x4Df91e173A6CdC74EfeF6fC72bb5Df1E8A8d7582	verifying
alchemy	0x4Fd9098af9ddcB41DA48A1d78F91F1398965addc	verifying
openfort	0x51032c841E823BB487C33c9f1773B18C8d0E5209	both
send	0x592e1224D203Be4214B15e205F6081FbbaCFcD2D	verifying
pimlico	0x67F21bE69A16c314a0b7Da537309b2f3ADdDE031	verifying
cometh	0x6a6B7f6012ee5bEF1cDf95df25e5045C7727c739	verifying
circle	0x6C973eBe80dCD8660841D4356bf15c32460271C9	erc20
pichain	0x72E4F3EF578A98d0A6e58531356aE05638cAD6C5	verifying
candide	0x769f68E4ba8F53f3092EEf34A42a811ab6365b05	verifying
circle	0x7ceA357B5AC0639F89F9e378a1f03Aa5005C0a25	verifying
etherspot	0x7F690e93CecFca5A31E6e1dF50A33F6d3059048c	verifying
etherspot	0x805650ce74561C85baA44a8Bd13E19633Fd0F79d	verifying
send	0x8A77aE0c07047c5b307B2319A8F4Bd9d3604DdD8	verifying
pimlico	0x939263eAFE57038a072cb4edD6B25dd81A8A6c56	token
pimlico	0x984E2abb41a6684e5E213ab61ad4C6c830585Df9	verifying
stackup	0x9D6AC51b972544251Fcc0F2902e633E3f9BD3f29	both
coinbase	0xa270ef92c1E11f1C1f95753C2E56801e8125fA83	verifying
blocto	0xa312d8D37Be746BD09cBD9e9ba2ef16bc7Da48FF	verifying
pimlico	0xa683b47e447De6c8A007d9e294e87B6Db333Eb18	token
ambire	0xA8B267C68715FA1Dca055993149f30217B572Cf0	verifying
daimo	0xa9E1CCB08053e4f5daBb506718352389C1547462	verifying
pimlico	0xe3dc822D77f8cA7ac74c30B0dfFEA9FcDCAAA321	verifying
stackup	0xE93ECa6595fe94091DC1af46aaC2A8b5D7990770	both
etherspot	0xEC2EE24E79C73DB13Dd9bC782856a5296626b7eb	verifying
notus	0xFE25a957Df165926837Bb584C7011CcE0bc450f0	verifying
alchemy	0x4f84a207a80c39e9e8bae717c1f25ba7ad1fb08f	verifying
pimlico	0x6666666666667849c56f2850848cE1C4da65c68b	both
pimlico	0x777777777777AeC03fd955926DbF81597e66834C	both
alchemy	0xEF725Aa22d43Ea69FB22bE2EBe6ECa205a6BCf5B	verifying
thirdweb	0xb2aA3511A31327d47D562c292D8B445A900B2ABf	verifying
thirdweb	0xBD0334AC7FADA28CcD27Fa09838e9EA4c39117Db	verifying
uxlink	0x51979536bD5d68012bE0BBB49112875DeA98a8ed	verifying
thirdweb	0x6442f4729Ee8c890D310EF92845d43184A12ee6a	verifying
thirdweb	0x5fa66dFe8a3983E55071e8C4631Ab43b5f33a4aB	verifying
